/*Secuencias*/
CREATE SEQUENCE  SEQ_ADM  MINVALUE 1 MAXVALUE 9999999999999999999999999999 INCREMENT BY 1 START WITH 1 CACHE 20 ORDER  NOCYCLE;
CREATE SEQUENCE  SEQ_CITA  MINVALUE 1 MAXVALUE 9999999999999999999999999999 INCREMENT BY 1 START WITH 1 CACHE 20 ORDER  NOCYCLE;
CREATE SEQUENCE  SEQ_ENF  MINVALUE 1 MAXVALUE 9999999999999999999999999999 INCREMENT BY 1 START WITH 1 CACHE 20 ORDER  NOCYCLE;
CREATE SEQUENCE  SEQ_ESPE  MINVALUE 1 MAXVALUE 9999999999999999999999999999 INCREMENT BY 1 START WITH 1 CACHE 20 ORDER  NOCYCLE;
CREATE SEQUENCE  SEQ_FARM  MINVALUE 1 MAXVALUE 9999999999999999999999999999 INCREMENT BY 1 START WITH 1 CACHE 20 ORDER  NOCYCLE;
CREATE SEQUENCE  SEQ_HIST  MINVALUE 1 MAXVALUE 9999999999999999999999999999 INCREMENT BY 1 START WITH 1 CACHE 20 ORDER  NOCYCLE;
CREATE SEQUENCE  SEQ_MED  MINVALUE 1 MAXVALUE 9999999999999999999999999999 INCREMENT BY 1 START WITH 1 CACHE 20 ORDER  NOCYCLE;
CREATE SEQUENCE  SEQ_MEDICAMENTO  MINVALUE 1 MAXVALUE 9999999999999999999999999999 INCREMENT BY 1 START WITH 1 CACHE 20 ORDER  NOCYCLE;
CREATE SEQUENCE  SEQ_PATOLOGIA  MINVALUE 1 MAXVALUE 9999999999999999999999999999 INCREMENT BY 1 START WITH 1 CACHE 20 ORDER  NOCYCLE;
CREATE SEQUENCE  SEQ_RECETA  MINVALUE 1 MAXVALUE 9999999999999999999999999999 INCREMENT BY 1 START WITH 1 CACHE 20 ORDER  NOCYCLE;
CREATE SEQUENCE  SEQ_TRANSAC  MINVALUE 1 MAXVALUE 9999999999999999999999999999 INCREMENT BY 1 START WITH 1 CACHE 20 ORDER  NOCYCLE;
CREATE SEQUENCE  SEQ_TRIAJE  MINVALUE 1 MAXVALUE 9999999999999999999999999999 INCREMENT BY 1 START WITH 1 CACHE 20 ORDER  NOCYCLE;
CREATE SEQUENCE  SEQ_USUARIO  MINVALUE 1 MAXVALUE 9999999999999999999999999999 INCREMENT BY 1 START WITH 1 CACHE 20 ORDER  NOCYCLE ;
/*Disparadores*/
CREATE OR REPLACE TRIGGER DIS_ADM
   before insert on ADMINISTRADOR
   for each row 
begin  
   if inserting then 
      if :NEW."ADM_IDADMINISTRADOR" is null then 
         select SEQ_ADM.nextval into :NEW."ADM_IDADMINISTRADOR" from dual; 
      end if; 
   end if; 
end;

CREATE OR REPLACE TRIGGER DIS_CITA
   before insert on CITA
   for each row 
begin  
   if inserting then 
      if :NEW."CITA_IDCITA" is null then 
         select SEQ_CITA.nextval into :NEW."CITA_IDCITA" from dual; 
      end if; 
   end if; 
end;

CREATE OR REPLACE TRIGGER DIS_ENF
   before insert on ENFERMERA
   for each row 
begin  
   if inserting then 
      if :NEW."ENF_IDENFERMERA" is null then 
         select SEQ_ENF.nextval into :NEW."ENF_IDENFERMERA" from dual; 
      end if; 
   end if; 
end;

CREATE OR REPLACE TRIGGER DIS_ESPE
   before insert on ESPECIALIDAD
   for each row 
begin  
   if inserting then 
      if :NEW."ESPE_IDESPECIALIDAD" is null then 
         select SEQ_ESPE.nextval into :NEW."ESPE_IDESPECIALIDAD" from dual; 
      end if; 
   end if; 
end;

CREATE OR REPLACE TRIGGER DIS_FARM
   before insert on FARMACEUTICO
   for each row 
begin  
   if inserting then 
      if :NEW."FARM_IDFARMACEUTICO" is null then 
         select SEQ_FARM.nextval into :NEW."FARM_IDFARMACEUTICO" from dual; 
      end if; 
   end if; 
end;

CREATE OR REPLACE TRIGGER DIS_HIST
   before insert on HISTORIA
   for each row 
begin  
   if inserting then 
      if :NEW."HIST_IDHISTORIA" is null then 
         select SEQ_HIST.nextval into :NEW."HIST_IDHISTORIA" from dual; 
      end if; 
   end if; 
end;

CREATE OR REPLACE TRIGGER DIS_MED
   before insert on MEDICO
   for each row 
begin  
   if inserting then 
      if :NEW."MED_IDMEDICO" is null then 
         select SEQ_MED.nextval into :NEW."MED_IDMEDICO" from dual; 
      end if; 
   end if; 
end;

CREATE OR REPLACE TRIGGER DIS_MEDICAMENTO
   before insert on MEDICAMENTO
   for each row 
begin  
   if inserting then 
      if :NEW."ME_IDMEDICAMENTO" is null then 
         select SEQ_MEDICAMENTO.nextval into :NEW."ME_IDMEDICAMENTO" from dual; 
      end if; 
   end if; 
end;

CREATE OR REPLACE TRIGGER DIS_PATOLOGIA
   before insert on PATOLOGIA
   for each row 
begin  
   if inserting then 
      if :NEW."PAT_IDPATOLOGIA" is null then 
         select SEQ_PATOLOGIA.nextval into :NEW."PAT_IDPATOLOGIA" from dual; 
      end if; 
   end if; 
end;

CREATE OR REPLACE TRIGGER DIS_RECETA
   before insert on RECETA
   for each row 
begin  
   if inserting then 
      if :NEW."REC_IDRECETA" is null then 
         select SEQ_RECETA.nextval into :NEW."REC_IDRECETA" from dual; 
      end if; 
   end if; 
end;

CREATE OR REPLACE TRIGGER DIS_TRANSAC
   before insert on TRANSACCION_RECETA
   for each row 
begin  
   if inserting then 
      if :NEW."TR_IDTRANSACCION" is null then 
         select SEQ_TRANSAC.nextval into :NEW."TR_IDTRANSACCION" from dual; 
      end if; 
   end if; 
end;

CREATE OR REPLACE TRIGGER DIS_TRIAJE
   before insert on TRIAJE
   for each row 
begin  
   if inserting then 
      if :NEW."TRI_IDTRIAJE" is null then 
         select SEQ_TRIAJE.nextval into :NEW."TRI_IDTRIAJE" from dual; 
      end if; 
   end if; 
end;

CREATE OR REPLACE TRIGGER DIS_USUARIO
   before insert on USUARIO
   for each row 
begin  
   if inserting then 
      if :NEW."US_IDUSUARIO" is null then 
         select SEQ_USUARIO.nextval into :NEW."US_IDUSUARIO" from dual; 
      end if; 
   end if; 
end;

/*Especialidad*/
INSERT INTO ESPECIALIDAD (ESPE_NOMBRE) VALUES ('Cardiología');
INSERT INTO ESPECIALIDAD (ESPE_NOMBRE) VALUES ('Dermatología');
INSERT INTO ESPECIALIDAD (ESPE_NOMBRE) VALUES ('Endocrinología');
INSERT INTO ESPECIALIDAD (ESPE_NOMBRE) VALUES ('Gastroenterología');
INSERT INTO ESPECIALIDAD (ESPE_NOMBRE) VALUES ('Geriatría');
INSERT INTO ESPECIALIDAD (ESPE_NOMBRE) VALUES ('Ginecología');
INSERT INTO ESPECIALIDAD (ESPE_NOMBRE) VALUES ('Nefrología');
INSERT INTO ESPECIALIDAD (ESPE_NOMBRE) VALUES ('Neumología');
INSERT INTO ESPECIALIDAD (ESPE_NOMBRE) VALUES ('Neurocirugía');
INSERT INTO ESPECIALIDAD (ESPE_NOMBRE) VALUES ('Nutrición');
INSERT INTO ESPECIALIDAD (ESPE_NOMBRE) VALUES ('Obstetricia');
INSERT INTO ESPECIALIDAD (ESPE_NOMBRE) VALUES ('Odontología');
INSERT INTO ESPECIALIDAD (ESPE_NOMBRE) VALUES ('Oftalmología');
INSERT INTO ESPECIALIDAD (ESPE_NOMBRE) VALUES ('Oncología');
INSERT INTO ESPECIALIDAD (ESPE_NOMBRE) VALUES ('Otorrinolaringología');
INSERT INTO ESPECIALIDAD (ESPE_NOMBRE) VALUES ('Pediatría');
INSERT INTO ESPECIALIDAD (ESPE_NOMBRE) VALUES ('Psicología');
INSERT INTO ESPECIALIDAD (ESPE_NOMBRE) VALUES ('Psiquiatría');
INSERT INTO ESPECIALIDAD (ESPE_NOMBRE) VALUES ('Reumatología');
INSERT INTO ESPECIALIDAD (ESPE_NOMBRE) VALUES ('Urología');
/*Usuario Registro*/
INSERT INTO USUARIO (US_CORREO, US_CLAVE, US_TIPO) VALUES ('reg1@medidesk.com', 'reg1abc', 'R');
INSERT INTO USUARIO (US_CORREO, US_CLAVE, US_TIPO) VALUES ('reg2@medidesk.com', 'reg2abc', 'R');
INSERT INTO USUARIO (US_CORREO, US_CLAVE, US_TIPO) VALUES ('reg3@medidesk.com', 'reg3abc', 'R');
/*Usuario Administrador*/
INSERT INTO USUARIO (US_CORREO, US_CLAVE, US_TIPO) VALUES ('adm1@medidesk.com', 'adm1abc', 'A');
INSERT INTO USUARIO (US_CORREO, US_CLAVE, US_TIPO) VALUES ('adm2@medidesk.com', 'adm2abc', 'A');
INSERT INTO USUARIO (US_CORREO, US_CLAVE, US_TIPO) VALUES ('adm3@medidesk.com', 'adm3abc', 'A');
INSERT INTO USUARIO (US_CORREO, US_CLAVE, US_TIPO) VALUES ('adm4@medidesk.com', 'adm4abc', 'A');
INSERT INTO USUARIO (US_CORREO, US_CLAVE, US_TIPO) VALUES ('adm5@medidesk.com', 'adm5abc', 'A');
/*Usuario Enfermera*/
INSERT INTO USUARIO (US_CORREO, US_CLAVE, US_TIPO) VALUES ('enf1@medidesk.com', 'enf1abc', 'E');
INSERT INTO USUARIO (US_CORREO, US_CLAVE, US_TIPO) VALUES ('enf2@medidesk.com', 'enf2abc', 'E');
INSERT INTO USUARIO (US_CORREO, US_CLAVE, US_TIPO) VALUES ('enf3@medidesk.com', 'enf3abc', 'E');
INSERT INTO USUARIO (US_CORREO, US_CLAVE, US_TIPO) VALUES ('enf4@medidesk.com', 'enf4abc', 'E');
INSERT INTO USUARIO (US_CORREO, US_CLAVE, US_TIPO) VALUES ('enf5@medidesk.com', 'enf5abc', 'E');
/*Usuario Médico*/
INSERT INTO USUARIO (US_CORREO, US_CLAVE, US_TIPO) VALUES ('med1@medidesk.com', 'med1abc', 'M');
INSERT INTO USUARIO (US_CORREO, US_CLAVE, US_TIPO) VALUES ('med2@medidesk.com', 'med2abc', 'M');
INSERT INTO USUARIO (US_CORREO, US_CLAVE, US_TIPO) VALUES ('med3@medidesk.com', 'med3abc', 'M');
INSERT INTO USUARIO (US_CORREO, US_CLAVE, US_TIPO) VALUES ('med4@medidesk.com', 'med4abc', 'M');
INSERT INTO USUARIO (US_CORREO, US_CLAVE, US_TIPO) VALUES ('med5@medidesk.com', 'med5abc', 'M');
INSERT INTO USUARIO (US_CORREO, US_CLAVE, US_TIPO) VALUES ('med6@medidesk.com', 'med6abc', 'M');
INSERT INTO USUARIO (US_CORREO, US_CLAVE, US_TIPO) VALUES ('med7@medidesk.com', 'med7abc', 'M');
INSERT INTO USUARIO (US_CORREO, US_CLAVE, US_TIPO) VALUES ('med8@medidesk.com', 'med8abc', 'M');
INSERT INTO USUARIO (US_CORREO, US_CLAVE, US_TIPO) VALUES ('med9@medidesk.com', 'med9abc', 'M');
INSERT INTO USUARIO (US_CORREO, US_CLAVE, US_TIPO) VALUES ('med10@medidesk.com', 'med10abc', 'M');
INSERT INTO USUARIO (US_CORREO, US_CLAVE, US_TIPO) VALUES ('med11@medidesk.com', 'med11abc', 'M');
INSERT INTO USUARIO (US_CORREO, US_CLAVE, US_TIPO) VALUES ('med12@medidesk.com', 'med12abc', 'M');
INSERT INTO USUARIO (US_CORREO, US_CLAVE, US_TIPO) VALUES ('med13@medidesk.com', 'med13abc', 'M');
INSERT INTO USUARIO (US_CORREO, US_CLAVE, US_TIPO) VALUES ('med14@medidesk.com', 'med14abc', 'M');
INSERT INTO USUARIO (US_CORREO, US_CLAVE, US_TIPO) VALUES ('med15@medidesk.com', 'med15abc', 'M');
INSERT INTO USUARIO (US_CORREO, US_CLAVE, US_TIPO) VALUES ('med16@medidesk.com', 'med16abc', 'M');
INSERT INTO USUARIO (US_CORREO, US_CLAVE, US_TIPO) VALUES ('med17@medidesk.com', 'med17abc', 'M');
INSERT INTO USUARIO (US_CORREO, US_CLAVE, US_TIPO) VALUES ('med18@medidesk.com', 'med18abc', 'M');
INSERT INTO USUARIO (US_CORREO, US_CLAVE, US_TIPO) VALUES ('med19@medidesk.com', 'med19abc', 'M');
INSERT INTO USUARIO (US_CORREO, US_CLAVE, US_TIPO) VALUES ('med20@medidesk.com', 'med20abc', 'M');
/*Usuario Farmacéutico*/
INSERT INTO USUARIO (US_CORREO, US_CLAVE, US_TIPO) VALUES ('farm1@medidesk.com', 'farm1abc', 'F');
INSERT INTO USUARIO (US_CORREO, US_CLAVE, US_TIPO) VALUES ('farm2@medidesk.com', 'farm2abc', 'F');
INSERT INTO USUARIO (US_CORREO, US_CLAVE, US_TIPO) VALUES ('farm3@medidesk.com', 'farm3abc', 'F');
INSERT INTO USUARIO (US_CORREO, US_CLAVE, US_TIPO) VALUES ('farm4@medidesk.com', 'farm4abc', 'F');
INSERT INTO USUARIO (US_CORREO, US_CLAVE, US_TIPO) VALUES ('farm5@medidesk.com', 'farm5abc', 'F');
/*Registro*/
INSERT INTO REGISTRO (REG_DNI, REG_NOMBRES, REG_APELLIDOS, REG_GENERO, REG_EDAD, USUARIO_US_IDUSUARIO) VALUES ('10000001', 'Reg1 Nombre', 'Reg1 Apellido', 'M', '42', '1');
INSERT INTO REGISTRO (REG_DNI, REG_NOMBRES, REG_APELLIDOS, REG_GENERO, REG_EDAD, USUARIO_US_IDUSUARIO) VALUES ('10000002', 'Reg2 Nombre', 'Reg2 Apellido', 'F', '28', '2');
INSERT INTO REGISTRO (REG_DNI, REG_NOMBRES, REG_APELLIDOS, REG_GENERO, REG_EDAD, USUARIO_US_IDUSUARIO) VALUES ('10000003', 'Reg3 Nombre', 'Reg3 Apellido', 'M', '52', '3');
/*Administrador*/
INSERT INTO ADMINISTRADOR (ADM_DNI, ADM_NOMBRES, ADM_APELLIDOS, ADM_GENERO, ADM_EDAD, USUARIO_US_IDUSUARIO) VALUES ('10000004', 'Adm1 Nombre', 'Adm1 Apellido', 'M', '39', '4');
INSERT INTO ADMINISTRADOR (ADM_DNI, ADM_NOMBRES, ADM_APELLIDOS, ADM_GENERO, ADM_EDAD, USUARIO_US_IDUSUARIO) VALUES ('10000005', 'Adm2 Nombre', 'Adm2 Apellido', 'F', '41', '5');
INSERT INTO ADMINISTRADOR (ADM_DNI, ADM_NOMBRES, ADM_APELLIDOS, ADM_GENERO, ADM_EDAD, USUARIO_US_IDUSUARIO) VALUES ('10000006', 'Adm3 Nombre', 'Adm3 Apellido', 'M', '45', '6');
INSERT INTO ADMINISTRADOR (ADM_DNI, ADM_NOMBRES, ADM_APELLIDOS, ADM_GENERO, ADM_EDAD, USUARIO_US_IDUSUARIO) VALUES ('10000007', 'Adm4 Nombre', 'Adm4 Apellido', 'F', '53', '7');
INSERT INTO ADMINISTRADOR (ADM_DNI, ADM_NOMBRES, ADM_APELLIDOS, ADM_GENERO, ADM_EDAD, USUARIO_US_IDUSUARIO) VALUES ('10000008', 'Adm5 Nombre', 'Adm5 Apellido', 'M', '37', '8');
/*Enfermera*/
INSERT INTO ENFERMERA (ENF_DNI, ENF_NOMBRES, ENF_APELLIDOS, ENF_GENERO, ENF_EDAD, USUARIO_US_IDUSUARIO) VALUES ('10000009', 'Enf1 Nombre', 'Enf1 Apellido', 'F', '38', '9');
INSERT INTO ENFERMERA (ENF_DNI, ENF_NOMBRES, ENF_APELLIDOS, ENF_GENERO, ENF_EDAD, USUARIO_US_IDUSUARIO) VALUES ('10000010', 'Enf2 Nombre', 'Enf2 Apellido', 'F', '34', '10');
INSERT INTO ENFERMERA (ENF_DNI, ENF_NOMBRES, ENF_APELLIDOS, ENF_GENERO, ENF_EDAD, USUARIO_US_IDUSUARIO) VALUES ('10000011', 'Enf3 Nombre', 'Enf3 Apellido', 'F', '31', '11');
INSERT INTO ENFERMERA (ENF_DNI, ENF_NOMBRES, ENF_APELLIDOS, ENF_GENERO, ENF_EDAD, USUARIO_US_IDUSUARIO) VALUES ('10000012', 'Enf4 Nombre', 'Enf4 Apellido', 'F', '43', '12');
INSERT INTO ENFERMERA (ENF_DNI, ENF_NOMBRES, ENF_APELLIDOS, ENF_GENERO, ENF_EDAD, USUARIO_US_IDUSUARIO) VALUES ('10000013', 'Enf5 Nombre', 'Enf5 Apellido', 'F', '51', '13');
/*Médico*/
INSERT INTO MEDICO (MED_DNI, MED_NOMBRES, MED_APELLIDOS, MED_GENERO, MED_EDAD, MED_CMP, USUARIO_US_IDUSUARIO, ESPE_ESPE_IDESPE) VALUES ('10000014', 'Med1 Nombre', 'Med1 Apellido', 'M', '52', '100001', '14', '1');
INSERT INTO MEDICO (MED_DNI, MED_NOMBRES, MED_APELLIDOS, MED_GENERO, MED_EDAD, MED_CMP, USUARIO_US_IDUSUARIO, ESPE_ESPE_IDESPE) VALUES ('10000015', 'Med2 Nombre', 'Med2 Apellido', 'M', '39', '100002', '15', '2');
INSERT INTO MEDICO (MED_DNI, MED_NOMBRES, MED_APELLIDOS, MED_GENERO, MED_EDAD, MED_CMP, USUARIO_US_IDUSUARIO, ESPE_ESPE_IDESPE) VALUES ('10000016', 'Med3 Nombre', 'Med3 Apellido', 'F', '45', '100003', '16', '3');
INSERT INTO MEDICO (MED_DNI, MED_NOMBRES, MED_APELLIDOS, MED_GENERO, MED_EDAD, MED_CMP, USUARIO_US_IDUSUARIO, ESPE_ESPE_IDESPE) VALUES ('10000017', 'Med4 Nombre', 'Med4 Apellido', 'M', '41', '100004', '17', '4');
INSERT INTO MEDICO (MED_DNI, MED_NOMBRES, MED_APELLIDOS, MED_GENERO, MED_EDAD, MED_CMP, USUARIO_US_IDUSUARIO, ESPE_ESPE_IDESPE) VALUES ('10000018', 'Med5 Nombre', 'Med5 Apellido', 'F', '52', '100005', '18', '5');
INSERT INTO MEDICO (MED_DNI, MED_NOMBRES, MED_APELLIDOS, MED_GENERO, MED_EDAD, MED_CMP, USUARIO_US_IDUSUARIO, ESPE_ESPE_IDESPE) VALUES ('10000019', 'Med6 Nombre', 'Med6 Apellido', 'M', '50', '100006', '19', '6');
INSERT INTO MEDICO (MED_DNI, MED_NOMBRES, MED_APELLIDOS, MED_GENERO, MED_EDAD, MED_CMP, USUARIO_US_IDUSUARIO, ESPE_ESPE_IDESPE) VALUES ('10000020', 'Med7 Nombre', 'Med7 Apellido', 'M', '47', '100007', '20', '7');
INSERT INTO MEDICO (MED_DNI, MED_NOMBRES, MED_APELLIDOS, MED_GENERO, MED_EDAD, MED_CMP, USUARIO_US_IDUSUARIO, ESPE_ESPE_IDESPE) VALUES ('10000021', 'Med8 Nombre', 'Med8 Apellido', 'F', '46', '100008', '21', '8');
INSERT INTO MEDICO (MED_DNI, MED_NOMBRES, MED_APELLIDOS, MED_GENERO, MED_EDAD, MED_CMP, USUARIO_US_IDUSUARIO, ESPE_ESPE_IDESPE) VALUES ('10000022', 'Med9 Nombre', 'Med9 Apellido', 'M', '43', '100009', '22', '9');
INSERT INTO MEDICO (MED_DNI, MED_NOMBRES, MED_APELLIDOS, MED_GENERO, MED_EDAD, MED_CMP, USUARIO_US_IDUSUARIO, ESPE_ESPE_IDESPE) VALUES ('10000023', 'Med10 Nombre', 'Med10 Apellido', 'M', '53', '100010', '23', '10');
INSERT INTO MEDICO (MED_DNI, MED_NOMBRES, MED_APELLIDOS, MED_GENERO, MED_EDAD, MED_CMP, USUARIO_US_IDUSUARIO, ESPE_ESPE_IDESPE) VALUES ('10000024', 'Med11 Nombre', 'Med11 Apellido', 'F', '55', '100011', '24', '11');
INSERT INTO MEDICO (MED_DNI, MED_NOMBRES, MED_APELLIDOS, MED_GENERO, MED_EDAD, MED_CMP, USUARIO_US_IDUSUARIO, ESPE_ESPE_IDESPE) VALUES ('10000025', 'Med12 Nombre', 'Med12 Apellido', 'M', '38', '100012', '25', '12');
INSERT INTO MEDICO (MED_DNI, MED_NOMBRES, MED_APELLIDOS, MED_GENERO, MED_EDAD, MED_CMP, USUARIO_US_IDUSUARIO, ESPE_ESPE_IDESPE) VALUES ('10000026', 'Med13 Nombre', 'Med13 Apellido', 'M', '39', '100013', '26', '13');
INSERT INTO MEDICO (MED_DNI, MED_NOMBRES, MED_APELLIDOS, MED_GENERO, MED_EDAD, MED_CMP, USUARIO_US_IDUSUARIO, ESPE_ESPE_IDESPE) VALUES ('10000027', 'Med14 Nombre', 'Med14 Apellido', 'F', '40', '100014', '27', '14');
INSERT INTO MEDICO (MED_DNI, MED_NOMBRES, MED_APELLIDOS, MED_GENERO, MED_EDAD, MED_CMP, USUARIO_US_IDUSUARIO, ESPE_ESPE_IDESPE) VALUES ('10000028', 'Med15 Nombre', 'Med15 Apellido', 'M', '45', '100015', '28', '15');
INSERT INTO MEDICO (MED_DNI, MED_NOMBRES, MED_APELLIDOS, MED_GENERO, MED_EDAD, MED_CMP, USUARIO_US_IDUSUARIO, ESPE_ESPE_IDESPE) VALUES ('10000029', 'Med16 Nombre', 'Med16 Apellido', 'F', '49', '100016', '29', '16');
INSERT INTO MEDICO (MED_DNI, MED_NOMBRES, MED_APELLIDOS, MED_GENERO, MED_EDAD, MED_CMP, USUARIO_US_IDUSUARIO, ESPE_ESPE_IDESPE) VALUES ('10000030', 'Med17 Nombre', 'Med17 Apellido', 'M', '48', '100017', '30', '17');
INSERT INTO MEDICO (MED_DNI, MED_NOMBRES, MED_APELLIDOS, MED_GENERO, MED_EDAD, MED_CMP, USUARIO_US_IDUSUARIO, ESPE_ESPE_IDESPE) VALUES ('10000031', 'Med18 Nombre', 'Med18 Apellido', 'M', '42', '100018', '31', '18');
INSERT INTO MEDICO (MED_DNI, MED_NOMBRES, MED_APELLIDOS, MED_GENERO, MED_EDAD, MED_CMP, USUARIO_US_IDUSUARIO, ESPE_ESPE_IDESPE) VALUES ('10000032', 'Med19 Nombre', 'Med19 Apellido', 'F', '49', '100019', '32', '19');
INSERT INTO MEDICO (MED_DNI, MED_NOMBRES, MED_APELLIDOS, MED_GENERO, MED_EDAD, MED_CMP, USUARIO_US_IDUSUARIO, ESPE_ESPE_IDESPE) VALUES ('10000033', 'Med20 Nombre', 'Med20 Apellido', 'M', '51', '100020', '33', '20');
/*Farmacéutico*/
INSERT INTO FARMACEUTICO (FARM_DNI, FARM_NOMBRES, FARM_APELLIDOS, FARM_GENERO, FARM_EDAD, USUARIO_US_IDUSUARIO) VALUES ('10000034', 'Farm1 Nombre', 'Farm1 Apellido', 'M', '39', '34');
INSERT INTO FARMACEUTICO (FARM_DNI, FARM_NOMBRES, FARM_APELLIDOS, FARM_GENERO, FARM_EDAD, USUARIO_US_IDUSUARIO) VALUES ('10000035', 'Farm2 Nombre', 'Farm2 Apellido', 'F', '38', '35');
INSERT INTO FARMACEUTICO (FARM_DNI, FARM_NOMBRES, FARM_APELLIDOS, FARM_GENERO, FARM_EDAD, USUARIO_US_IDUSUARIO) VALUES ('10000036', 'Farm3 Nombre', 'Farm3 Apellido', 'M', '36', '36');
INSERT INTO FARMACEUTICO (FARM_DNI, FARM_NOMBRES, FARM_APELLIDOS, FARM_GENERO, FARM_EDAD, USUARIO_US_IDUSUARIO) VALUES ('10000037', 'Farm4 Nombre', 'Farm4 Apellido', 'M', '45', '37');
INSERT INTO FARMACEUTICO (FARM_DNI, FARM_NOMBRES, FARM_APELLIDOS, FARM_GENERO, FARM_EDAD, USUARIO_US_IDUSUARIO) VALUES ('10000038', 'Farm5 Nombre', 'Farm5 Apellido', 'F', '53', '38');
/*Paciente*/
INSERT INTO PACIENTE (PAC_DNI, PAC_NOMBRES, PAC_APELLIDOS, PAC_CORREO, PAC_TELEFONO, PAC_DIRECCION, PAC_GENERO, PAC_EDAD, PAC_TRIAJE, ADM_ADM_IDADM) VALUES ('10000039', 'Pac1 Nombre', 'Pac1 Apellido', 'pac1@medidesk.com', '999999991', 'Pac1 Dirección', 'M', '35', 'N', '1');
INSERT INTO PACIENTE (PAC_DNI, PAC_NOMBRES, PAC_APELLIDOS, PAC_CORREO, PAC_TELEFONO, PAC_DIRECCION, PAC_GENERO, PAC_EDAD, PAC_TRIAJE, ADM_ADM_IDADM) VALUES ('10000040', 'Pac2 Nombre', 'Pac2 Apellido', 'pac2@medidesk.com', '999999992', 'Pac2 Dirección', 'F', '26', 'N', '2');
INSERT INTO PACIENTE (PAC_DNI, PAC_NOMBRES, PAC_APELLIDOS, PAC_CORREO, PAC_TELEFONO, PAC_DIRECCION, PAC_GENERO, PAC_EDAD, PAC_TRIAJE, ADM_ADM_IDADM) VALUES ('10000041', 'Pac3 Nombre', 'Pac3 Apellido', 'pac3@medidesk.com', '999999993', 'Pac3 Dirección', 'F', '34', 'N', '3');
INSERT INTO PACIENTE (PAC_DNI, PAC_NOMBRES, PAC_APELLIDOS, PAC_CORREO, PAC_TELEFONO, PAC_DIRECCION, PAC_GENERO, PAC_EDAD, PAC_TRIAJE, ADM_ADM_IDADM) VALUES ('10000042', 'Pac4 Nombre', 'Pac4 Apellido', 'pac4@medidesk.com', '999999994', 'Pac4 Dirección', 'M', '21', 'N', '4');
INSERT INTO PACIENTE (PAC_DNI, PAC_NOMBRES, PAC_APELLIDOS, PAC_CORREO, PAC_TELEFONO, PAC_DIRECCION, PAC_GENERO, PAC_EDAD, PAC_TRIAJE, ADM_ADM_IDADM) VALUES ('10000043', 'Pac5 Nombre', 'Pac5 Apellido', 'pac5@medidesk.com', '999999995', 'Pac5 Dirección', 'M', '19', 'N', '5');
INSERT INTO PACIENTE (PAC_DNI, PAC_NOMBRES, PAC_APELLIDOS, PAC_CORREO, PAC_TELEFONO, PAC_DIRECCION, PAC_GENERO, PAC_EDAD, PAC_TRIAJE, ADM_ADM_IDADM) VALUES ('10000044', 'Pac6 Nombre', 'Pac6 Apellido', 'pac6@medidesk.com', '999999996', 'Pac6 Dirección', 'M', '35', 'N', '1');
INSERT INTO PACIENTE (PAC_DNI, PAC_NOMBRES, PAC_APELLIDOS, PAC_CORREO, PAC_TELEFONO, PAC_DIRECCION, PAC_GENERO, PAC_EDAD, PAC_TRIAJE, ADM_ADM_IDADM) VALUES ('10000045', 'Pac7 Nombre', 'Pac7 Apellido', 'pac7@medidesk.com', '999999997', 'Pac7 Dirección', 'F', '26', 'N', '2');
INSERT INTO PACIENTE (PAC_DNI, PAC_NOMBRES, PAC_APELLIDOS, PAC_CORREO, PAC_TELEFONO, PAC_DIRECCION, PAC_GENERO, PAC_EDAD, PAC_TRIAJE, ADM_ADM_IDADM) VALUES ('10000046', 'Pac8 Nombre', 'Pac8 Apellido', 'pac8@medidesk.com', '999999998', 'Pac8 Dirección', 'F', '34', 'N', '3');
INSERT INTO PACIENTE (PAC_DNI, PAC_NOMBRES, PAC_APELLIDOS, PAC_CORREO, PAC_TELEFONO, PAC_DIRECCION, PAC_GENERO, PAC_EDAD, PAC_TRIAJE, ADM_ADM_IDADM) VALUES ('10000047', 'Pac9 Nombre', 'Pac9 Apellido', 'pac9@medidesk.com', '999999999', 'Pac9 Dirección', 'M', '21', 'N', '4');
INSERT INTO PACIENTE (PAC_DNI, PAC_NOMBRES, PAC_APELLIDOS, PAC_CORREO, PAC_TELEFONO, PAC_DIRECCION, PAC_GENERO, PAC_EDAD, PAC_TRIAJE, ADM_ADM_IDADM) VALUES ('10000048', 'Pac10 Nombre', 'Pac10 Apellido', 'pac10@medidesk.com', '999999910', 'Pac10 Dirección', 'M', '19', 'N', '5');
INSERT INTO PACIENTE (PAC_DNI, PAC_NOMBRES, PAC_APELLIDOS, PAC_CORREO, PAC_TELEFONO, PAC_DIRECCION, PAC_GENERO, PAC_EDAD, PAC_TALLA, PAC_PESO, PAC_TEMPERATURA, PAC_PRESION, PAC_TRIAJE, ADM_ADM_IDADM) VALUES ('10000049', 'Pac11 Nombre', 'Pac11 Apellido', 'pac11@medidesk.com', '999999911', 'Pac11 Dirección', 'M', '31', '172', '74.20', '36.8', '100.90', 'S', '1');
INSERT INTO PACIENTE (PAC_DNI, PAC_NOMBRES, PAC_APELLIDOS, PAC_CORREO, PAC_TELEFONO, PAC_DIRECCION, PAC_GENERO, PAC_EDAD, PAC_TALLA, PAC_PESO, PAC_TEMPERATURA, PAC_PRESION, PAC_TRIAJE, ADM_ADM_IDADM) VALUES ('10000050', 'Pac12 Nombre', 'Pac12 Apellido', 'pac12@medidesk.com', '999999912', 'Pac12 Dirección', 'M', '36', '165', '65.30', '37.1', '100.100', 'S', '2');
INSERT INTO PACIENTE (PAC_DNI, PAC_NOMBRES, PAC_APELLIDOS, PAC_CORREO, PAC_TELEFONO, PAC_DIRECCION, PAC_GENERO, PAC_EDAD, PAC_TALLA, PAC_PESO, PAC_TEMPERATURA, PAC_PRESION, PAC_TRIAJE, ADM_ADM_IDADM) VALUES ('10000051', 'Pac13 Nombre', 'Pac13 Apellido', 'pac13@medidesk.com', '999999913', 'Pac13 Dirección', 'F', '35', '167', '84.50', '36.2', '100.90', 'S', '3');
INSERT INTO PACIENTE (PAC_DNI, PAC_NOMBRES, PAC_APELLIDOS, PAC_CORREO, PAC_TELEFONO, PAC_DIRECCION, PAC_GENERO, PAC_EDAD, PAC_TALLA, PAC_PESO, PAC_TEMPERATURA, PAC_PRESION, PAC_TRIAJE, ADM_ADM_IDADM) VALUES ('10000052', 'Pac14 Nombre', 'Pac14 Apellido', 'pac14@medidesk.com', '999999914', 'Pac14 Dirección', 'M', '42', '163', '54.30', '37.1', '100.100', 'S', '4');
INSERT INTO PACIENTE (PAC_DNI, PAC_NOMBRES, PAC_APELLIDOS, PAC_CORREO, PAC_TELEFONO, PAC_DIRECCION, PAC_GENERO, PAC_EDAD, PAC_TALLA, PAC_PESO, PAC_TEMPERATURA, PAC_PRESION, PAC_TRIAJE, ADM_ADM_IDADM) VALUES ('10000053', 'Pac15 Nombre', 'Pac15 Apellido', 'pac15@medidesk.com', '999999915', 'Pac15 Dirección', 'M', '24', '154', '80.40', '36.3', '100.100', 'S', '5');
INSERT INTO PACIENTE (PAC_DNI, PAC_NOMBRES, PAC_APELLIDOS, PAC_CORREO, PAC_TELEFONO, PAC_DIRECCION, PAC_GENERO, PAC_EDAD, PAC_TALLA, PAC_PESO, PAC_TEMPERATURA, PAC_PRESION, PAC_TRIAJE, ADM_ADM_IDADM) VALUES ('10000054', 'Pac16 Nombre', 'Pac16 Apellido', 'pac16@medidesk.com', '999999916', 'Pac16 Dirección', 'F', '29', '175', '74.20', '37.0', '100.90', 'S', '1');
INSERT INTO PACIENTE (PAC_DNI, PAC_NOMBRES, PAC_APELLIDOS, PAC_CORREO, PAC_TELEFONO, PAC_DIRECCION, PAC_GENERO, PAC_EDAD, PAC_TALLA, PAC_PESO, PAC_TEMPERATURA, PAC_PRESION, PAC_TRIAJE, ADM_ADM_IDADM) VALUES ('10000055', 'Pac17 Nombre', 'Pac17 Apellido', 'pac17@medidesk.com', '999999917', 'Pac17 Dirección', 'M', '21', '165', '78.50', '36.4', '90.90', 'S', '2');
INSERT INTO PACIENTE (PAC_DNI, PAC_NOMBRES, PAC_APELLIDOS, PAC_CORREO, PAC_TELEFONO, PAC_DIRECCION, PAC_GENERO, PAC_EDAD, PAC_TALLA, PAC_PESO, PAC_TEMPERATURA, PAC_PRESION, PAC_TRIAJE, ADM_ADM_IDADM) VALUES ('10000056', 'Pac18 Nombre', 'Pac18 Apellido', 'pac18@medidesk.com', '999999918', 'Pac18 Dirección', 'F', '18', '154', '64.40', '37.2', '100.90', 'S', '3');
INSERT INTO PACIENTE (PAC_DNI, PAC_NOMBRES, PAC_APELLIDOS, PAC_CORREO, PAC_TELEFONO, PAC_DIRECCION, PAC_GENERO, PAC_EDAD, PAC_TALLA, PAC_PESO, PAC_TEMPERATURA, PAC_PRESION, PAC_TRIAJE, ADM_ADM_IDADM) VALUES ('10000057', 'Pac19 Nombre', 'Pac19 Apellido', 'pac19@medidesk.com', '999999919', 'Pac19 Dirección', 'F', '17', '174', '68.50', '36.4', '80.90', 'S', '4');
INSERT INTO PACIENTE (PAC_DNI, PAC_NOMBRES, PAC_APELLIDOS, PAC_CORREO, PAC_TELEFONO, PAC_DIRECCION, PAC_GENERO, PAC_EDAD, PAC_TALLA, PAC_PESO, PAC_TEMPERATURA, PAC_PRESION, PAC_TRIAJE, ADM_ADM_IDADM) VALUES ('10000058', 'Pac20 Nombre', 'Pac20 Apellido', 'pac20@medidesk.com', '999999920', 'Pac20 Dirección', 'M', '53', '168', '70.40', '36.7', '100.70', 'S', '5');
/*Historia*/
INSERT INTO HISTORIA (HIST_FECHAAPERTURA, PACIENTE_PAC_DNI) VALUES (TO_DATE('2015-12-10 00:00:00', 'YYYY-MM-DD HH24:MI:SS'), '10000049');
INSERT INTO HISTORIA (HIST_FECHAAPERTURA, PACIENTE_PAC_DNI) VALUES (TO_DATE('2016-10-25 00:00:00', 'YYYY-MM-DD HH24:MI:SS'), '10000050');
INSERT INTO HISTORIA (HIST_FECHAAPERTURA, PACIENTE_PAC_DNI) VALUES (TO_DATE('2017-11-14 00:00:00', 'YYYY-MM-DD HH24:MI:SS'), '10000051');
INSERT INTO HISTORIA (HIST_FECHAAPERTURA, PACIENTE_PAC_DNI) VALUES (TO_DATE('2018-09-02 00:00:00', 'YYYY-MM-DD HH24:MI:SS'), '10000052');
INSERT INTO HISTORIA (HIST_FECHAAPERTURA, PACIENTE_PAC_DNI) VALUES (TO_DATE('2019-02-15 00:00:00', 'YYYY-MM-DD HH24:MI:SS'), '10000053');
INSERT INTO HISTORIA (HIST_FECHAAPERTURA, PACIENTE_PAC_DNI) VALUES (TO_DATE('2019-06-10 00:00:00', 'YYYY-MM-DD HH24:MI:SS'), '10000054');
INSERT INTO HISTORIA (HIST_FECHAAPERTURA, PACIENTE_PAC_DNI) VALUES (TO_DATE('2018-02-16 00:00:00', 'YYYY-MM-DD HH24:MI:SS'), '10000056');
INSERT INTO HISTORIA (HIST_FECHAAPERTURA, PACIENTE_PAC_DNI) VALUES (TO_DATE('2020-01-11 00:00:00', 'YYYY-MM-DD HH24:MI:SS'), '10000057');
/*Triaje*/
INSERT INTO TRIAJE (ENFERMERA_ENF_IDENFERMERA) VALUES ('1');
INSERT INTO TRIAJE (ENFERMERA_ENF_IDENFERMERA) VALUES ('2');
INSERT INTO TRIAJE (ENFERMERA_ENF_IDENFERMERA) VALUES ('1');
INSERT INTO TRIAJE (ENFERMERA_ENF_IDENFERMERA) VALUES ('3');
INSERT INTO TRIAJE (ENFERMERA_ENF_IDENFERMERA) VALUES ('2');
INSERT INTO TRIAJE (ENFERMERA_ENF_IDENFERMERA) VALUES ('4');
INSERT INTO TRIAJE (ENFERMERA_ENF_IDENFERMERA) VALUES ('5');
INSERT INTO TRIAJE (ENFERMERA_ENF_IDENFERMERA) VALUES ('3');
/*Cita*/
INSERT INTO CITA (CITA_TIPO, CITA_ESTADO, CITA_FECHA, MEDICO_MED_IDMEDICO, PACIENTE_PAC_DNI) VALUES ('N', 'P', TO_DATE('2020-10-23 10:30:00', 'YYYY-MM-DD HH24:MI:SS'), '1', '10000042');
INSERT INTO CITA (CITA_TIPO, CITA_ESTADO, CITA_FECHA, MEDICO_MED_IDMEDICO, PACIENTE_PAC_DNI) VALUES ('I', 'P', TO_DATE('2020-09-15 09:00:00', 'YYYY-MM-DD HH24:MI:SS'), '2', '10000041');
INSERT INTO CITA (CITA_TIPO, CITA_ESTADO, CITA_FECHA, MEDICO_MED_IDMEDICO, PACIENTE_PAC_DNI) VALUES ('N', 'C', TO_DATE('2017-05-20 09:45:00', 'YYYY-MM-DD HH24:MI:SS'), '3', '10000048');
INSERT INTO CITA (CITA_TIPO, CITA_ESTADO, CITA_FECHA, MEDICO_MED_IDMEDICO, PACIENTE_PAC_DNI) VALUES ('I', 'P', TO_DATE('2020-09-25 10:30:00', 'YYYY-MM-DD HH24:MI:SS'), '4', '10000039');
INSERT INTO CITA (CITA_TIPO, CITA_ESTADO, CITA_FECHA, MEDICO_MED_IDMEDICO, PACIENTE_PAC_DNI) VALUES ('I', 'C', TO_DATE('2019-07-12 10:15:00', 'YYYY-MM-DD HH24:MI:SS'), '5', '10000040');
INSERT INTO CITA (CITA_TIPO, CITA_ESTADO, CITA_FECHA, MEDICO_MED_IDMEDICO, PACIENTE_PAC_DNI) VALUES ('N', 'P', TO_DATE('2020-08-16 10:00:00', 'YYYY-MM-DD HH24:MI:SS'), '6', '10000043');
INSERT INTO CITA (CITA_TIPO, CITA_ESTADO, CITA_FECHA, MEDICO_MED_IDMEDICO, TRIAJE_TRI_IDTRIAJE, PACIENTE_PAC_DNI) VALUES ('N', 'R', TO_DATE('2019-02-16 11:00:00', 'YYYY-MM-DD HH24:MI:SS'), '11', '3', '10000053');
INSERT INTO CITA (CITA_TIPO, CITA_ESTADO, CITA_FECHA, MEDICO_MED_IDMEDICO, TRIAJE_TRI_IDTRIAJE, PACIENTE_PAC_DNI) VALUES ('I', 'R', TO_DATE('2018-02-16 10:15:00', 'YYYY-MM-DD HH24:MI:SS'), '14', '1', '10000056');
INSERT INTO CITA (CITA_TIPO, CITA_ESTADO, CITA_FECHA, MEDICO_MED_IDMEDICO, TRIAJE_TRI_IDTRIAJE, PACIENTE_PAC_DNI) VALUES ('N', 'R', TO_DATE('2019-06-10 11:30:00', 'YYYY-MM-DD HH24:MI:SS'), '12', '4', '10000054');
INSERT INTO CITA (CITA_TIPO, CITA_ESTADO, CITA_FECHA, MEDICO_MED_IDMEDICO, TRIAJE_TRI_IDTRIAJE, PACIENTE_PAC_DNI) VALUES ('I', 'R', TO_DATE('2019-08-14 09:45:00', 'YYYY-MM-DD HH24:MI:SS'), '11', '5', '10000052');
INSERT INTO CITA (CITA_TIPO, CITA_ESTADO, CITA_FECHA, MEDICO_MED_IDMEDICO, TRIAJE_TRI_IDTRIAJE, PACIENTE_PAC_DNI) VALUES ('N', 'R', TO_DATE('2018-03-06 11:15:00', 'YYYY-MM-DD HH24:MI:SS'), '15', '2', '10000050');
INSERT INTO CITA (CITA_TIPO, CITA_ESTADO, CITA_FECHA, MEDICO_MED_IDMEDICO, TRIAJE_TRI_IDTRIAJE, PACIENTE_PAC_DNI) VALUES ('N', 'R', TO_DATE('2018-03-08 12:00:00', 'YYYY-MM-DD HH24:MI:SS'), '6', '7', '10000049');
INSERT INTO CITA (CITA_TIPO, CITA_ESTADO, CITA_FECHA, MEDICO_MED_IDMEDICO, TRIAJE_TRI_IDTRIAJE, PACIENTE_PAC_DNI) VALUES ('I', 'R', TO_DATE('2018-06-09 11:30:00', 'YYYY-MM-DD HH24:MI:SS'), '12', '8', '10000051');
INSERT INTO CITA (CITA_TIPO, CITA_ESTADO, CITA_FECHA, MEDICO_MED_IDMEDICO, TRIAJE_TRI_IDTRIAJE, PACIENTE_PAC_DNI) VALUES ('N', 'R', TO_DATE('2020-01-11 11:00:00', 'YYYY-MM-DD HH24:MI:SS'), '15', '6', '10000057');
/*Patología*/
INSERT INTO PATOLOGIA (PAT_DESCRIPCION) VALUES ('Cólera');
INSERT INTO PATOLOGIA (PAT_DESCRIPCION) VALUES ('Fiebre Tifoidea');
INSERT INTO PATOLOGIA (PAT_DESCRIPCION) VALUES ('Shigelosis');
INSERT INTO PATOLOGIA (PAT_DESCRIPCION) VALUES ('Amebiasis');
INSERT INTO PATOLOGIA (PAT_DESCRIPCION) VALUES ('Gonorrea');
INSERT INTO PATOLOGIA (PAT_DESCRIPCION) VALUES ('Hepatitis A');
INSERT INTO PATOLOGIA (PAT_DESCRIPCION) VALUES ('Hepatitis B');
INSERT INTO PATOLOGIA (PAT_DESCRIPCION) VALUES ('Hepatitis C');
INSERT INTO PATOLOGIA (PAT_DESCRIPCION) VALUES ('Lepra');
INSERT INTO PATOLOGIA (PAT_DESCRIPCION) VALUES ('Malaria');
INSERT INTO PATOLOGIA (PAT_DESCRIPCION) VALUES ('Poliomielitis A');
INSERT INTO PATOLOGIA (PAT_DESCRIPCION) VALUES ('Salmonelosis');
INSERT INTO PATOLOGIA (PAT_DESCRIPCION) VALUES ('Viruela');
INSERT INTO PATOLOGIA (PAT_DESCRIPCION) VALUES ('Tuberculosis');
INSERT INTO PATOLOGIA (PAT_DESCRIPCION) VALUES ('Fiebre Amarilla');
/*Historia Patología*/
INSERT INTO HISTORIA_PATOLOGIA (HISTORIA_HIST_IDHISTORIA, PATOLOGIA_PAT_IDPATOLOGIA, CITA_CITA_IDCITA) VALUES ('1', '16', '13');
INSERT INTO HISTORIA_PATOLOGIA (HISTORIA_HIST_IDHISTORIA, PATOLOGIA_PAT_IDPATOLOGIA, CITA_CITA_IDCITA) VALUES ('2', '2', '11');
INSERT INTO HISTORIA_PATOLOGIA (HISTORIA_HIST_IDHISTORIA, PATOLOGIA_PAT_IDPATOLOGIA, CITA_CITA_IDCITA) VALUES ('3', '16', '14');
INSERT INTO HISTORIA_PATOLOGIA (HISTORIA_HIST_IDHISTORIA, PATOLOGIA_PAT_IDPATOLOGIA, CITA_CITA_IDCITA) VALUES ('4', '2', '10');
INSERT INTO HISTORIA_PATOLOGIA (HISTORIA_HIST_IDHISTORIA, PATOLOGIA_PAT_IDPATOLOGIA, CITA_CITA_IDCITA) VALUES ('5', '16', '7');
INSERT INTO HISTORIA_PATOLOGIA (HISTORIA_HIST_IDHISTORIA, PATOLOGIA_PAT_IDPATOLOGIA, CITA_CITA_IDCITA) VALUES ('6', '4', '9');
INSERT INTO HISTORIA_PATOLOGIA (HISTORIA_HIST_IDHISTORIA, PATOLOGIA_PAT_IDPATOLOGIA, CITA_CITA_IDCITA) VALUES ('7', '13', '8');
INSERT INTO HISTORIA_PATOLOGIA (HISTORIA_HIST_IDHISTORIA, PATOLOGIA_PAT_IDPATOLOGIA, CITA_CITA_IDCITA) VALUES ('8', '9', '12');
/*Receta*/
INSERT INTO RECETA (REC_INDICACIONES, CITA_CITA_IDCITA) VALUES ('Ind1', '1');
INSERT INTO RECETA (REC_INDICACIONES, CITA_CITA_IDCITA) VALUES ('Ind2', '2');
INSERT INTO RECETA (REC_INDICACIONES, CITA_CITA_IDCITA) VALUES ('Ind3', '3');
INSERT INTO RECETA (REC_INDICACIONES, CITA_CITA_IDCITA) VALUES ('Ind4', '4');
INSERT INTO RECETA (REC_INDICACIONES, CITA_CITA_IDCITA) VALUES ('Ind5', '5');
INSERT INTO RECETA (REC_INDICACIONES, CITA_CITA_IDCITA) VALUES ('Ind6', '6');
INSERT INTO RECETA (REC_INDICACIONES, CITA_CITA_IDCITA) VALUES ('Ind7', '7');
INSERT INTO RECETA (REC_INDICACIONES, CITA_CITA_IDCITA) VALUES ('Ind8', '8');
/*Medicamento*/
INSERT INTO MEDICAMENTO (ME_NOMBRE, ME_CANTIDAD) VALUES ('Paracetamol, 500mg', '950');
INSERT INTO MEDICAMENTO (ME_NOMBRE, ME_CANTIDAD) VALUES ('Amoxicilina, 500mg', '850');
INSERT INTO MEDICAMENTO (ME_NOMBRE, ME_CANTIDAD) VALUES ('Azitromicina, 200mg', '700');
INSERT INTO MEDICAMENTO (ME_NOMBRE, ME_CANTIDAD) VALUES ('Captopril, 25mg', '550');
INSERT INTO MEDICAMENTO (ME_NOMBRE, ME_CANTIDAD) VALUES ('Cefalexina, 500mg', '650');
INSERT INTO MEDICAMENTO (ME_NOMBRE, ME_CANTIDAD) VALUES ('Clonazepam, 2mg', '650');
INSERT INTO MEDICAMENTO (ME_NOMBRE, ME_CANTIDAD) VALUES ('Clotrimazol, 500mg', '450');
INSERT INTO MEDICAMENTO (ME_NOMBRE, ME_CANTIDAD) VALUES ('Loratadina, 10mg', '680');
INSERT INTO MEDICAMENTO (ME_NOMBRE, ME_CANTIDAD) VALUES ('Glibenclamida, 5mg', '658');
INSERT INTO MEDICAMENTO (ME_NOMBRE, ME_CANTIDAD) VALUES ('Enalapril Maleato, 10mg', '453');
INSERT INTO MEDICAMENTO (ME_NOMBRE, ME_CANTIDAD) VALUES ('Enalapril Maleato, 20mg', '486');
INSERT INTO MEDICAMENTO (ME_NOMBRE, ME_CANTIDAD) VALUES ('Clorfenamina Maleato, 4mg', '752');
INSERT INTO MEDICAMENTO (ME_NOMBRE, ME_CANTIDAD) VALUES ('Ibuprofeno, 400mg', '389');
INSERT INTO MEDICAMENTO (ME_NOMBRE, ME_CANTIDAD) VALUES ('Fluconazol, 150mg', '684');
INSERT INTO MEDICAMENTO (ME_NOMBRE, ME_CANTIDAD) VALUES ('Losartan Potásico, 50mg', '862');
INSERT INTO MEDICAMENTO (ME_NOMBRE, ME_CANTIDAD) VALUES ('Naproxeno, 500mg', '756');
/*Receta Medicamento*/
INSERT INTO REC_ME (RECETA_REC_IDRECETA, MEDICAMENTO_ME_IDMEDICAMENTO) VALUES ('1', '5');
INSERT INTO REC_ME (RECETA_REC_IDRECETA, MEDICAMENTO_ME_IDMEDICAMENTO) VALUES ('2', '4');
INSERT INTO REC_ME (RECETA_REC_IDRECETA, MEDICAMENTO_ME_IDMEDICAMENTO) VALUES ('3', '1');
INSERT INTO REC_ME (RECETA_REC_IDRECETA, MEDICAMENTO_ME_IDMEDICAMENTO) VALUES ('4', '6');
INSERT INTO REC_ME (RECETA_REC_IDRECETA, MEDICAMENTO_ME_IDMEDICAMENTO) VALUES ('5', '14');
INSERT INTO REC_ME (RECETA_REC_IDRECETA, MEDICAMENTO_ME_IDMEDICAMENTO) VALUES ('6', '8');
INSERT INTO REC_ME (RECETA_REC_IDRECETA, MEDICAMENTO_ME_IDMEDICAMENTO) VALUES ('7', '16');
INSERT INTO REC_ME (RECETA_REC_IDRECETA, MEDICAMENTO_ME_IDMEDICAMENTO) VALUES ('8', '3');
/*Transacción Receta*/
INSERT INTO TRANSACCION_RECETA (RECETA_REC_IDRECETA, FARM_FARM_IDFARM) VALUES ('1', '1');
INSERT INTO TRANSACCION_RECETA (RECETA_REC_IDRECETA, FARM_FARM_IDFARM) VALUES ('2', '1');
INSERT INTO TRANSACCION_RECETA (RECETA_REC_IDRECETA, FARM_FARM_IDFARM) VALUES ('3', '2');
INSERT INTO TRANSACCION_RECETA (RECETA_REC_IDRECETA, FARM_FARM_IDFARM) VALUES ('4', '3');
INSERT INTO TRANSACCION_RECETA (RECETA_REC_IDRECETA, FARM_FARM_IDFARM) VALUES ('5', '2');
INSERT INTO TRANSACCION_RECETA (RECETA_REC_IDRECETA, FARM_FARM_IDFARM) VALUES ('6', '4');
INSERT INTO TRANSACCION_RECETA (RECETA_REC_IDRECETA, FARM_FARM_IDFARM) VALUES ('7', '5');
INSERT INTO TRANSACCION_RECETA (RECETA_REC_IDRECETA, FARM_FARM_IDFARM) VALUES ('8', '4');


/*Obtener la hora de la cita*/
/*SELECT TO_CHAR(CITA_FECHA,'HH24:MI') from CITA;*/














